customer_id,customer_name,city,email,created_date
1,Dr. Todd Gay DDS,Port Brittany,carolberry@carroll-green.com,2026-03-21
2,Jessica Gonzalez,Carpentertown,erin73@anderson.com,2024-12-22
3,Dawn Bennett,Phelpstown,abridges@casey.com,2025-09-10
4,Elaine Andrews,Carolbury,heidiholland@hotmail.com,2025-02-27
5,Michael Doyle MD,Port Dylan,pateljennifer@nelson.com,2026-03-28
6,Kristine Bradley,Wilsonberg,,2025-01-28
7,Kevin Rodgers,New Sarahville,lisaedwards@hotmail.com,2024-11-06
8,Stephanie Robinson,Laurafort,gchavez@gmail.com,2026-02-05
9,Karen Miller,Franklinhaven,nicole97@hoffman.net,2024-05-10
10,Katherine Roberts,Howellborough,shannon87@gmail.com,2025-05-19
11,Michelle Hicks,Johnstonchester,gailgreen@gmail.com,2025-03-17
12,Michael Johnson,Lake Anthony,luis07@yahoo.com,2023-08-23
13,Robert Jensen,Hancockport,carol43@hotmail.com,2024-12-19
14,Jamie Lyons,Briggstown,ebowman@kline.com,2025-02-20
15,Tabitha Crosby,Ellisfort,lowejustin@yahoo.com,2025-04-25
16,Amber Miles,Kaylaview,hillsydney@gmail.com,2023-09-08
17,Melissa Johnson,North Tyler,tara13@shannon.org,2023-10-04
18,Fernando Horton,Timothyburgh,henryelizabeth@gmail.com,2023-07-29
19,Jonathan Hart,Port Emilyville,melissa61@gmail.com,2024-03-08
20,Kevin Campbell,South Nicole,brownapril@yahoo.com,2025-02-18
21,Michael Nguyen,North Lisaville,wgarcia@perez.com,2025-02-23
22,Randy Brennan,East Derrickmouth,tomarmstrong@miller-hunter.com,2023-09-03
23,Audrey Cummings,West Michellemouth,samantha11@herman.com,2023-08-03
24,Michelle Jordan,Port Brenda,paulmason@yahoo.com,2025-07-18
25,Carol Harris,Port Robert,samuel17@bass.com,2024-12-02
26,Steven Campbell,West James,sarahchung@yahoo.com,2025-07-07
27,Jennifer Lee,Leeland,fhancock@matthews-watson.org,2024-05-29
28,Paul Coleman,Tiffanyhaven,cdavid@yahoo.com,2024-02-05
29,Joshua Kramer,Gregoryborough,martinezmary@gmail.com,2025-02-04
30,Dr. Christopher Castaneda,North Stephanie,gregory37@hoffman-king.com,2025-06-09
31,Kathleen Merritt,Kristopherbury,jennifer01@yahoo.com,2025-11-10
32,Daniel Armstrong,Lake Christinabury,jamiepeters@gmail.com,2023-08-20
33,Elizabeth Williams,Patriciaburgh,choimargaret@yahoo.com,2024-06-14
34,Paul Smith,New Michaelfort,oayala@hotmail.com,2025-11-06
35,Christopher Jones,West Matthew,lorimorris@gmail.com,2024-05-12
36,Danny Watson,Salasstad,scotthawkins@hurley-lee.net,2024-09-19
37,Erica Gonzalez,Marquezhaven,johnjohnson@kelley.com,2025-07-07
38,Dawn Underwood,Katrinamouth,matthewmolina@yahoo.com,2025-04-11
39,Francis Hansen,North Danielleburgh,hernandezrobert@yahoo.com,2024-07-15
40,Diane Vega,Martinezstad,jburns@yahoo.com,2025-09-09
41,Jimmy Brady,Lake Royburgh,brandonbryan@gmail.com,2025-12-18
42,William Rodriguez,Lake Anthony,nicole33@hotmail.com,2024-09-11
43,Kyle Schroeder,New Wendy,bryancombs@yahoo.com,2024-02-04
44,Latoya Kim,Mariaside,desireeking@sullivan.net,2023-11-05
45,Joshua Ellis,Charlesborough,michael06@hotmail.com,2023-05-12
46,Raymond Rodriguez MD,East Shawnfurt,carrillodaniel@gmail.com,2025-02-02
47,Heather Marshall,Baxterhaven,spencerkristy@brown.com,2024-05-29
48,Clarence Barajas,East Tiffanybury,jessecastillo@yahoo.com,2025-04-08
49,Amy Keller,New Garytown,daniel50@ingram.com,2025-08-01
50,John Curtis,New Julie,josephharris@hotmail.com,2025-12-17
51,Terry Nguyen,West Brandon,gilmorejean@gmail.com,2025-09-11
52,Lisa Padilla,East Tanyaborough,nicolehawkins@yahoo.com,2026-04-18
53,Mr. Andrew Davis,Port Sierratown,flowerspaul@taylor.net,2025-05-23
54,Kimberly Ortiz,West Jason,zhopkins@richard.com,2025-06-15
55,Zachary Johnson,Copelandfort,carrie75@gmail.com,2023-08-29
56,Holly Thomas,Tonibury,ballardanna@trujillo.com,2023-11-02
57,Justin Vargas,Bakerport,ythomas@gutierrez-riley.org,2025-05-15
58,Shaun Garcia,Lake Lisabury,timothyleonard@yahoo.com,2025-08-02
59,Patrick Davis,Lunastad,bdawson@burgess-smith.com,2024-02-26
60,Karen Price,Mayside,derrick32@walker-cortez.biz,2025-12-20
61,Michele Baker,North Jasonland,marycraig@jimenez.com,2026-02-24
62,Donald Montgomery,East Tammy,ssellers@patterson.com,2025-12-14
63,Charles Cross,Joshuafort,qmorgan@medina.net,2024-07-21
64,Allen Mckenzie,East William,pearsonvirginia@bond.org,2026-02-23
65,Michelle Rios,West Jesseside,kathleen81@johnson.org,2024-12-25
66,John Roman,Kristenview,rickykim@blankenship.com,2026-04-22
67,Michael Mcgee,East Charles,dvalencia@gmail.com,2023-12-19
68,Stephanie Hayes,New Robertview,linrandy@smith-fleming.info,2024-09-11
69,Linda Savage,Port Peggyhaven,sgutierrez@serrano-sexton.com,2025-07-05
70,Heather Clark,New Jasonmouth,diana01@hotmail.com,2023-12-24
71,Jessica Howell,Andersonview,dmunoz@burton.com,2023-06-10
72,Lindsey Gordon,Wallacefurt,suzannegreen@yahoo.com,2025-08-29
73,Frances Clark,North Mitchell,ggomez@williams.com,2025-03-06
74,Tamara Martin,Ronaldland,makaylagallagher@montgomery.com,2025-01-17
75,Kara Shepard,West Dawnfort,alvaradomark@mckenzie.com,2026-05-05
76,Jon Baker,East Angelatown,ashley99@waters.com,2024-12-07
77,Clayton Fisher,Lake Erikaburgh,xrodriguez@petty.info,2023-12-08
78,Sarah Gonzales,Lake Gabrielle,mendozamary@hernandez.com,2026-03-31
79,Elizabeth Rodriguez,Garciahaven,annachavez@hotmail.com,2025-12-12
80,Katherine Bartlett,North Melissaton,nmendoza@gmail.com,2024-11-10
81,Christopher Clements,Port Christopher,fitzgeraldmichelle@gmail.com,2023-06-11
82,Jonathan Riddle II,Jonathanfurt,thompsonkari@yahoo.com,2025-09-11
83,Ryan Ali,South Krystal,brian89@campbell.com,2024-03-21
84,Sara Rivas,Chelseaborough,ywatson@lewis.info,2024-03-17
85,Rebekah Gonzalez,Brittanyton,hawkinssusan@hotmail.com,2025-12-20
86,Ashley Lester,Colleenberg,meghan53@hotmail.com,2024-05-06
87,Lisa Wheeler,Shanefurt,laura99@gmail.com,2025-07-30
88,Greg Allen,South Christophermouth,steven51@hotmail.com,2024-11-02
89,Jacqueline Little,Veronicaport,josephhernandez@yahoo.com,2025-10-07
90,Nancy Lewis,South Meganstad,carriemartin@yates.com,2024-07-11
91,Melanie Richmond,Donnaberg,donaldlopez@hotmail.com,2025-08-05
92,Stephanie Roberts,South Garytown,wigginsrobert@garcia-pena.com,2023-07-30
93,Renee Rogers,Savageland,lauren47@reed.net,2025-12-02
94,Tony Wilkerson,East Judithberg,dana97@yahoo.com,2025-06-03
95,Richard Jackson,Brownville,wyattjack@hotmail.com,2023-06-07
96,Heather Bennett,South Deborah,owest@yahoo.com,2026-03-05
97,Andre Taylor,Rogershaven,michael11@hotmail.com,2025-07-31
98,Cynthia Warren,Teresastad,jillyoder@yahoo.com,2024-10-03
99,John Lee,Loriview,johnsonmartha@day-simmons.com,2023-11-16
100,Alicia Hoffman,Port Suzanneport,vazquezjulie@hotmail.com,2023-11-16
101,David Pierce,Bowenburgh,ajacobs@white-green.com,2023-09-03
102,Eric Guerrero,Hopkinston,anthony10@gmail.com,2023-05-14
103,Erin Price,Kristenport,hannahvalenzuela@wilson-phillips.com,2026-02-14
104,William Greene,New Christianburgh,lisa02@gmail.com,2023-08-03
105,Dylan Robinson,New Abigailton,reginaldwilliams@yahoo.com,2023-08-22
106,Mary Lawrence,Meredithmouth,onealamanda@walls-moore.org,2024-12-13
107,Kendra Soto,Jasmineberg,keith92@gmail.com,2023-12-26
108,Richard Holmes,Terrancechester,melissawashington@hotmail.com,2024-05-06
109,Kelly Hess,West Karenhaven,karen26@yahoo.com,2025-04-20
110,Alicia Garrett,Valenzuelaland,angela93@ramos.net,2025-05-23
111,Eric Fisher,East Theresaburgh,janewilliams@larson.com,2025-10-27
112,Sara Frye,Lake Brandonton,adamcruz@cook-khan.net,2024-07-04
113,Riley Garcia,Robertland,thomasnichole@yahoo.com,2024-02-15
114,Richard Rogers,North Michaelstad,nmartinez@underwood.org,2023-05-11
115,Denise Williams,Haynesshire,felicia10@andrews.biz,2024-10-25
116,Joshua Gray,Nicholsland,paulrich@yahoo.com,2023-09-13
117,Sherry James,West Courtneytown,fcarroll@gmail.com,2024-11-06
118,Deborah Moon,Port Brandon,hernandezmolly@french.com,2023-06-06
119,Caitlyn Vargas,Port Kimberlyberg,travischavez@ross-thomas.net,2025-07-05
120,Traci Diaz,West Tammybury,nparks@hotmail.com,2023-12-04
121,Timothy Waller,Port Shannon,rogerssteven@hotmail.com,2025-08-21
122,Hector Massey DDS,North Kylestad,adriana30@hotmail.com,2024-09-01
123,Taylor Allen,Cherylberg,jason30@singh-johnson.com,2024-08-26
124,Pamela Wiley,Sarahburgh,ghernandez@hotmail.com,2024-11-30
125,Donald Miller,Port Timothy,gloria17@gmail.com,2024-12-20
126,Mary Baker,North Steven,ohancock@gmail.com,2024-07-03
127,Brenda Bowman,Whitetown,roger49@reese.com,2024-10-04
128,Matthew Harris,North Courtneyfurt,qlogan@gmail.com,2026-04-02
129,Benjamin Hogan,Jamesmouth,cameronolson@hotmail.com,2026-02-17
130,William Underwood,Juliestad,luceroshannon@guerrero.com,2026-01-09
131,Donald Grant,Jacquelinetown,ghall@gmail.com,2025-04-09
132,Shannon Moss,Lake Andrewview,regina04@gmail.com,2025-03-07
133,Shawn Cox,East Christopher,ismith@yahoo.com,2025-01-03
134,Harold Rhodes,Amberfurt,phillipssamantha@ellis-gross.com,2023-05-12
135,Margaret Blair,Turnerview,mathewabbott@hotmail.com,2024-03-27
136,Julia Blair,Lake Coreychester,brentpatterson@jones.com,2024-09-27
137,Tara Pierce,South Robertchester,rebecca32@lee.com,2023-10-15
138,Bruce Johnson,Sampsonfort,suealexander@ray.com,2024-01-30
139,Rachael Perez,New Ashleyburgh,spencer08@williams.com,2025-12-04
140,Anthony Greer,Paulview,debrasmith@hotmail.com,2026-03-06
141,Frank Woods,Dyerberg,jpope@hotmail.com,2025-07-26
142,Matthew Joseph,Williamsburgh,chapmanjamie@yahoo.com,2025-01-08
143,Tony Patel,Frankmouth,jerry41@wang.com,2026-01-08
144,Tim Rodriguez,New Manuelchester,lindseycox@hotmail.com,2023-07-30
145,Danielle Palmer,Angelaland,katelyntaylor@obrien.com,2023-06-19
146,Eric Humphrey,New Ronaldland,danielleliu@murillo.com,2025-11-01
147,Christopher Love,Port Connie,amber59@white-bass.com,2024-04-14
148,Kimberly Mccarthy,Michaelburgh,parksamber@hotmail.com,2025-07-06
149,Jonathan Mcdonald,South Karenchester,juliecarter@vaughan.com,2026-04-27
150,Andrew Palmer,South Anna,igibbs@yahoo.com,2024-07-01
151,Oscar Hoffman,Robertburgh,cturner@harris.info,2025-08-22
152,Scott Ellis,Lake Scottmouth,nicholasrichard@gmail.com,2024-09-13
153,Raymond Hawkins,Melissashire,alexandra75@hotmail.com,2025-06-08
154,Cathy Woods,East Robertabury,ethancook@martinez.com,2025-12-27
155,Ryan Howard MD,Wernerville,kevinwillis@wagner-smith.info,2026-04-13
156,Richard Kennedy,Duranfurt,scottbrown@yahoo.com,2024-10-22
157,Ralph Hanson,North Marychester,zachary90@bradshaw.info,2025-05-14
158,Martha Alvarado,Nicholsland,bbyrd@yahoo.com,2023-08-25
159,Paul Walker,Hallmouth,kathleenrichardson@yahoo.com,2025-04-09
160,Joshua Wade,North Nicoleton,shannonrangel@mendoza.com,2025-07-05
161,Kevin Macdonald MD,Laurenberg,jjones@gmail.com,2024-08-15
162,William Frank,New Brianberg,amorales@shaw.info,2024-05-05
163,Heather Graves,Lake Meghan,yyoung@gmail.com,2025-07-23
164,Chad Bowen,Nicholaschester,aavila@yahoo.com,2025-12-31
165,Courtney Dean,Ibarrashire,hamiltonsandra@gmail.com,2024-11-11
166,Stacy Robertson,Greenberg,melissamorales@yahoo.com,2024-09-25
167,Christopher Barton,Port Gregoryhaven,ecastro@lee.com,2024-06-02
168,Tony Arroyo,Richardview,georgecarlos@thomas.com,2023-08-06
169,Allison Olson,Rogerston,rmontes@yahoo.com,2025-08-10
170,Dennis Weaver,Lake Angelastad,tiffany97@yahoo.com,2026-01-03
171,Steven Dalton,Stevensmouth,xzavala@chavez-lopez.com,2026-04-01
172,Kayla Jones,Lauraport,dfranklin@morgan.com,2024-10-30
173,Melanie Le,Port Erin,jvega@gmail.com,2025-03-25
174,Brittany Santos,North Katherine,danielbarnes@gmail.com,2024-08-12
175,Caroline Quinn,Lake Eric,douglas88@gmail.com,2023-07-14
176,Emma Luna,Lake Michael,laurensalazar@sutton-kim.com,2023-07-28
177,Matthew Ewing,West Diana,charlesoneill@yahoo.com,2024-06-14
178,Amy Woods,West Anthonyside,james37@tapia-richards.org,2025-09-29
179,Amanda Luna,Smithmouth,barnettsusan@collier.info,2023-07-26
180,Chelsea Rosales,North Andrewburgh,smithmartha@allen.com,2024-06-08
181,Linda Kirby,Port Thomas,reyeskaren@gmail.com,2025-01-11
182,Holly Norman,Davidview,zbates@yahoo.com,2024-04-12
183,Caitlyn Cuevas,New Williamview,millercatherine@gmail.com,2025-11-21
184,Patricia Walton,Alishabury,hurleykarl@yahoo.com,2024-07-20
185,Morgan Mitchell,Lake Michael,rhonda30@hotmail.com,2025-05-28
186,Mr. Scott Williams,Tinamouth,bakermatthew@gmail.com,2026-01-10
187,Christine Nixon,Davischester,reidgregory@allen.org,2023-12-12
188,April Reyes,Port Kyle,millermichael@yahoo.com,2025-07-06
189,Michelle Benson,Port Ronaldberg,annamiller@andrews.com,2024-07-15
190,Larry Vasquez,New Christopherport,sandovalalexandria@hotmail.com,2024-07-26
191,Gordon Powell,Saraton,ryanbates@gmail.com,2025-06-20
192,Robert Rodriguez,West Terryburgh,carlapugh@roth.biz,2024-10-14
193,Brian Ward,Lake Tabithaland,valvarez@yahoo.com,2025-04-10
194,Stephanie Sosa,New Michael,nicolelloyd@holmes-french.com,2025-04-03
195,Mr. Derrick Paul MD,East Travis,lblevins@anderson-arellano.com,2024-05-19
196,Jonathan Davidson,Anthonyhaven,michael76@pennington.net,2024-06-27
197,Pamela Young,East Danielleview,garciameredith@yahoo.com,2025-07-26
198,Jessica Griffith,Christianborough,marshbryan@gmail.com,2025-06-15
199,Daniel Smith,Mirandaborough,rkim@garcia-sherman.org,2023-11-27
200,Ryan Jackson,Martinezhaven,michael07@smith.com,2025-06-27
201,Jon Ramos,Michaelshire,rmitchell@boyd-moore.org,2025-01-01
202,Christopher Harrell,Port Sandrafurt,sheriwagner@gmail.com,2023-11-05
203,Ronald Mcdonald,East Julie,smithshawn@wilkinson-stokes.com,2026-04-17
204,Jason Gonzalez,Lucasburgh,tammy87@yahoo.com,2023-07-21
205,Kelly Rodgers,Smithchester,changrobert@armstrong.com,2025-08-20
206,Dr. Robert Strickland DDS,Gardnermouth,victor33@knight.com,2025-10-07
207,John Rivera,Hugheshaven,wolfelevi@hotmail.com,2025-10-08
208,Anthony Ross,West Ashley,etaylor@harmon-lee.com,2023-05-24
209,Alyssa Scott,East Donaldburgh,wilkinstom@torres.com,2026-04-06
210,Morgan Duncan,New Michealfort,kellerkaren@torres-jones.info,2025-01-26
211,Christopher Jennings,Port John,nicholas43@gmail.com,2026-04-06
212,Paul Schneider,Hammondside,likyle@bush.biz,2025-05-03
213,Jessica Arnold,Greenberg,umassey@yahoo.com,2025-06-14
214,Thomas Prince,East Joseph,emerritt@hendrix.net,2023-10-04
215,Jennifer Garcia,Stephanieburgh,ashley55@gmail.com,2024-12-20
216,Stephanie Gibbs,Lewishaven,christine76@gmail.com,2026-01-06
217,Derrick Jenkins,Vasquezview,wolfelisa@cooper-williams.biz,2024-06-20
218,Ariel Robinson,North Jesse,lsmith@yahoo.com,2024-09-25
219,Donald Melendez,South Carolynhaven,ramirezanne@hotmail.com,2025-06-18
220,Katie Peters,Ortizmouth,zacharybailey@osborne-cole.com,2024-08-23
221,Darren Clark,Michaelside,jennifer43@montgomery.net,2026-04-12
222,Ashley Stewart,Fosterberg,perezjonathan@gmail.com,2023-12-13
223,Antonio Walker,New Juan,xevans@gomez.org,2024-12-06
224,Jenny Vincent,East Michael,michael40@gmail.com,2023-11-19
225,Brenda Long,Laceymouth,ohahn@smith-hernandez.biz,2024-06-01
226,Marisa Chavez,North Michael,estesconnie@johnson.net,2024-04-07
227,Robert Keith,Port Tonyborough,todd14@miller.com,2024-10-26
228,Joyce Coleman,Jordanview,ramirezsamuel@flores-walters.com,2023-10-19
229,Spencer Bell,New Zoe,reginald93@johnson.com,2023-09-27
230,Michael Glass,New Sarahburgh,hernandezshaun@tucker.com,2024-09-25
231,Stephanie Hall,South Juliabury,jacksonmaria@thompson.com,2023-12-11
232,Joe Warner,Burnetthaven,brandon83@gmail.com,2025-08-04
233,Lisa Jones,Hughesside,rwong@stevens.com,2023-08-27
234,William Cooper,East Linda,moorechristopher@allen-thomas.biz,2025-08-25
235,Tiffany Harrell,Russellton,stevenhoward@yahoo.com,2024-12-04
236,Mr. Sergio Johnson,Michaeltown,tina82@webb-brown.info,2024-09-09
237,Mrs. Ashley Mccoy,West Shellyhaven,carla97@leonard-butler.com,2023-12-17
238,Elizabeth Johnson,Danielsmouth,webbpaul@stuart.com,2025-07-18
239,Mrs. Christina Powell,Natalieborough,andrewstuart@yahoo.com,2024-02-08
240,Lucas Lane,Allisonfort,amandaburgess@berry.com,2025-12-26
241,Christie Hansen,Johnfort,lestermichelle@gmail.com,2024-09-26
242,Nicole Wilkinson,Haleview,xbrooks@hotmail.com,2024-01-28
243,Eddie Brown,Isaiahview,terri10@gmail.com,2024-07-01
244,Alexander Shaw,North Rickeychester,wwise@martinez-johnson.info,2026-02-15
245,Stacy Pope,East Davidbury,allen81@sanchez.com,2025-02-13
246,Richard Guzman,South Jacqueline,olong@kemp.org,2023-05-28
247,Diana Smith,Rachelstad,nball@yahoo.com,2026-01-13
248,Daniel Roth,Orozcotown,johnsonsamantha@yahoo.com,2025-12-15
249,Jimmy Thompson,Cameronside,nferguson@perez-juarez.com,2024-03-22
250,Mary Miller,North Jasonhaven,mccalljoseph@murphy.com,2026-04-26
251,Heidi Armstrong,Hesterland,lindapeterson@woods-mccormick.com,2025-05-02
252,Amanda Sloan,West Kimberly,edwardsantos@greene.net,2025-02-09
253,Kendra Compton,Janiceshire,salazarkyle@hotmail.com,2025-05-09
254,Rebecca Wilkins,North Mark,ruth60@yahoo.com,2023-08-01
255,Terry Garcia,Danielmouth,courtney93@dunlap-lopez.com,2025-08-28
256,Patricia Robertson,New Brianna,christophermartinez@gmail.com,2025-08-13
257,Mallory Brown,Port Patriciaside,fernandoshaw@hotmail.com,2026-04-30
258,Willie Lee,North Angelahaven,stevensbarry@bean.org,2025-08-28
259,Adrienne Cox,East Tyler,yorkchristopher@yahoo.com,2025-07-14
260,Thomas Barber,East Stacy,jimeneztiffany@gmail.com,2024-04-29
261,Brandy Castillo,New Lynn,hillsteve@gmail.com,2023-11-18
262,Ray May,Gregoryshire,leroyreyes@armstrong.com,2023-07-08
263,Stephanie Mitchell,Lake Charles,joshua15@combs-peterson.com,2024-05-03
264,Tiffany Hebert,North Spencerhaven,xcox@hotmail.com,2025-02-08
265,Kimberly Richardson,North Kevin,mfranklin@bowers-garrison.com,2026-03-19
266,Steven Mills,Benjaminchester,connerjasmin@yahoo.com,2023-10-26
267,Theresa Holmes,North Christopher,johnsondarlene@johnson.biz,2024-06-07
268,Sarah Smith,West Phillipview,juliejuarez@gmail.com,2025-07-08
269,Matthew Howard Jr.,Lewiston,murphykendra@wagner-edwards.org,2024-06-18
270,Marcia Hughes MD,Warrenborough,samuelcruz@yahoo.com,2024-05-27
271,Phillip Holland,Levyport,barrypatrick@gmail.com,2026-01-02
272,Heather Miller,Kimberlyburgh,aarongutierrez@hotmail.com,2024-05-04
273,Heather Lopez,Williamshire,schwartzmichael@hall.biz,2026-03-04
274,Johnathan Collins,North Erika,rmoore@yahoo.com,2025-05-03
275,Morgan David,Angelastad,fredericktyrone@tucker.net,2023-06-08
276,Anthony Ross,West Jennifer,uwilson@yahoo.com,2023-09-18
277,Kristina Stewart,Leefurt,fgrant@hotmail.com,2025-10-26
278,Robin Martin,West Alexander,tyronekhan@gmail.com,2026-01-05
279,Deanna Smith,North Natashaport,heather03@ruiz-barry.com,2023-11-13
280,Joseph Buckley,Robertberg,benjaminkevin@wade-smith.com,2026-03-23
281,Cassandra Mcdaniel,Robinsontown,brett06@barber.com,2026-03-02
282,Eric Powell,Smithfort,castillorobert@lynch.com,2024-03-10
283,Susan Jacobs,North Michael,leeparker@yahoo.com,2024-07-22
284,Andre Bullock,Ericamouth,laura92@yahoo.com,2024-11-09
285,Paul Martinez,East Carlosbury,bradleywilliams@green.net,2024-01-14
286,Patricia Parrish,Port Patrickville,michaeljackson@butler-gilmore.com,2023-08-14
287,Gwendolyn Becker,Melissamouth,emoon@stephens-harvey.com,2024-05-31
288,Tracy Kerr,Wilsontown,woodjustin@bell-briggs.com,2026-01-28
289,Jeffrey Barker,Port Ruth,david80@gonzales.com,2023-06-13
290,Jacob Brown,Andersonshire,shannon81@rogers-donaldson.com,2023-07-04
291,Mr. Nicholas Wells,New Amyton,silvadavid@gmail.com,2024-12-10
292,Charles Thompson,Tarafurt,bhughes@christian.com,2024-02-14
293,Ronald Crawford,Cookville,rzuniga@yahoo.com,2023-07-14
294,Margaret James,Darrylhaven,kelly56@yahoo.com,2023-10-12
295,Jerry Walters,Lake Melissa,figueroaashley@mckinney.com,2023-12-02
296,Dustin Roberts,Lake Kristen,michellefranklin@gmail.com,2025-05-03
297,Paula Harmon,East Matthewhaven,thomasmorse@yahoo.com,2025-06-29
298,Amy Miller,South Thomasshire,wpeck@yahoo.com,2025-12-02
299,Ryan Smith,East Megan,ronnie85@gmail.com,2025-01-30
300,Joshua Aguirre,Johnsonview,alan76@hotmail.com,2026-01-01
301,Julie Campbell,East Jerrychester,michael00@gmail.com,2025-06-23
302,Erin Morrison,Goodwinfurt,reynoldsanthony@walker.com,2025-01-25
303,Brian Long,Gilbertville,lopezjill@yahoo.com,2024-05-16
304,George Carlson,West James,marygraham@wood.com,2026-02-17
305,Sarah Cole,Bassmouth,toddpearson@torres.info,2023-06-06
306,Stacey Watson,Lake Hunterstad,thomassanders@hotmail.com,2023-06-27
307,Roberto Castillo,South Heatherland,lrussell@hotmail.com,2024-06-26
308,Erika Cordova,Gomezside,julie69@adams.biz,2024-05-04
309,Debra Curtis,Jimenezview,zachary38@yahoo.com,2023-07-21
310,Paula Garcia,Joelport,paul03@gmail.com,2024-01-29
311,Anthony Snyder,Moorehaven,walkerjames@gmail.com,2024-09-05
312,David Garcia,Georgeville,heather87@johnson.info,2025-09-21
313,Jesse Powell PhD,South Nancy,kelsey83@hotmail.com,2025-05-06
314,Timothy Williams,Christopherstad,gedwards@hotmail.com,2023-09-16
315,Sharon Newman,East Daniel,isaiah08@yahoo.com,2024-12-20
316,Mr. Michael Schmidt Jr.,Stephanietown,fparker@gregory-brown.com,2023-12-28
317,Debra Luna,Juliebury,brewerjennifer@hotmail.com,2023-11-23
318,Samantha Velazquez,Lake Matthewshire,ugarcia@spears.org,2024-09-21
319,Lisa Mills,Loriview,joshuastewart@martin.com,2024-08-29
320,Dr. Brian Green,Port Travisshire,laura22@gmail.com,2026-01-22
321,Mark Ramsey,New Benjamin,sandra79@yahoo.com,2024-03-19
322,Kelly Williams,Perezchester,lburke@hart.com,2026-03-11
323,Troy Jenkins,West Kyle,colehannah@johnson.com,2024-04-01
324,Nicholas Hernandez,Allenport,blakegilbert@alexander.biz,2024-08-28
325,Jenny Moore,Port Laura,jessicawinters@hotmail.com,2026-01-15
326,Clarence Williamson,Kimport,kingpeggy@stephens-johnson.com,2023-07-05
327,Karen Wilson,Lake Amanda,ray76@savage.org,2023-10-04
328,Kathleen Ross,Lake Whitneyton,dwilliams@dorsey.net,2024-02-22
329,Andrew Allen,West Alexis,donaldholder@gmail.com,2025-11-01
330,Jessica King,Glassburgh,fbarton@gmail.com,2024-08-19
331,Laura Nelson,Geoffreyfort,michaelaaron@hotmail.com,2024-09-14
332,David Velasquez,Port Reneeport,emmahorne@baird.info,2024-03-25
333,Marc Winters,Amyton,torresanna@yahoo.com,2023-09-20
334,Daniel Green,Lake Lisaton,shannon83@horn.com,2025-01-10
335,Richard Wilson,East Ebonyshire,amanda43@davenport.com,2025-08-01
336,Luis Spencer,Nicoleborough,aferguson@martin-barrett.net,2025-01-08
337,Joseph Sutton,Port Bryan,harmonjacob@yahoo.com,2024-03-07
338,Robert Davila,Lake Mariaview,amyaustin@weeks-harris.com,2024-03-31
339,Andrew Rodriguez,New Erin,gwilliams@perez.com,2023-10-17
340,Danny Sims,Lawrenceville,longdanielle@yahoo.com,2026-01-09
341,Anna Moran,Kellerport,dburnett@gmail.com,2024-04-21
342,Thomas Craig,North Donaldville,kimberlyholland@hotmail.com,2024-05-14
343,Sheila Miller,Amandaport,joylowe@gmail.com,2026-05-02
344,Jason Parker,Port Jared,dawn26@ramirez.com,2025-09-06
345,Jason Jenkins,West Sierrahaven,aryan@bell.com,2024-09-15
346,Sarah Oconnor,New Diana,ndean@rodriguez.com,2024-09-21
347,Amanda Armstrong,Kingfort,potterdenise@gmail.com,2024-05-20
348,Jamie Cunningham,Crawfordburgh,ocampos@yahoo.com,2025-07-12
349,Tina Cardenas,West Kathyfort,cynthiabennett@wilson.com,2025-03-13
350,Vickie Rasmussen,Mitchellton,frank24@gmail.com,2026-04-01
351,Rebecca Golden,South Wendyville,taylormegan@gmail.com,2025-12-12
352,Christopher Franco,Hollyburgh,cperry@gmail.com,2025-06-10
353,Ashley Reed,Lake Michaelbury,xlopez@yahoo.com,2024-07-05
354,Sean Kline,Kevinfurt,blake77@baker-ferguson.net,2024-07-04
355,John Pearson,Jenniferview,ccampbell@yahoo.com,2023-07-04
356,Amy Ferguson,South Dylan,davidhart@yahoo.com,2025-09-05
357,Kelly Murphy,Sandersshire,martinrobin@gmail.com,2025-06-30
358,Samantha Ruiz,Matthewport,sara25@yahoo.com,2024-12-24
359,Brittany Rangel,Williamsmouth,chad22@hotmail.com,2025-04-27
360,Monica Baker MD,Johnville,nadams@yahoo.com,2023-08-09
361,Sarah Moore,Tonymouth,dennissteve@hotmail.com,2025-05-13
362,Kimberly Delacruz,East Timothy,robersonmichelle@torres.com,2025-06-25
363,Charles Mckee,Rogersview,cwest@munoz.net,2023-08-30
364,Nathan Gomez,Rushfort,fischersarah@gmail.com,2024-04-27
365,Diane Wilson,New Brandonmouth,jeffery13@yahoo.com,2025-01-30
366,Michael Alexander,New Jasmineland,jenniferescobar@mitchell.biz,2023-08-13
367,Gary Campbell,Jacobhaven,robinhamilton@gmail.com,2025-12-13
368,Alex Russo,Danielside,fordariel@hotmail.com,2025-03-27
369,Johnathan Hendricks,Carterport,breanna55@smith.com,2026-03-18
370,Shane Diaz,Port Jeffreyborough,bobby00@yahoo.com,2025-08-14
371,Stacy Mcmillan,East Lisafurt,mackhannah@aguilar.org,2023-08-16
372,Pamela Fernandez,North Randymouth,robinsonmichelle@yahoo.com,2025-04-21
373,Jennifer Johnson,Blackhaven,smithshannon@bridges.net,2026-01-05
374,Linda Williams,Kristaland,dphillips@gmail.com,2023-07-24
375,Deborah Myers,Glendashire,sandrawilliams@adkins.com,2024-06-22
376,Latoya Dickerson,Jamesstad,angelamoore@clark.biz,2024-03-24
377,Patrick Delgado,West Edwinville,scott73@adams-schmitt.com,2025-05-14
378,Stephanie Gibson,Lake Beckyshire,bradleycastillo@hoover.info,2024-06-24
379,Katherine Casey,South Coryfort,david10@gmail.com,2023-09-13
380,Denise Mcdonald,New Christopherfort,olsonangela@yahoo.com,2024-01-23
381,Jenna Bruce,Greentown,elizabethowens@gordon.com,2025-05-23
382,April Lynch,West Mary,kelseyking@smith-little.com,2026-02-19
383,Joshua Larson,Taylorhaven,william42@yahoo.com,2023-08-27
384,Christine Wolfe,Port Ashley,graykevin@gmail.com,2024-06-26
385,Daniel Li,Lake Joseph,megankramer@hall.com,2025-02-12
386,Samantha Collins,New Brendafort,judymanning@yahoo.com,2024-12-16
387,Ian Sanchez,Lake Leviberg,cynthialynn@yahoo.com,2026-02-02
388,Mary Edwards MD,Lake Jonathan,hnguyen@clark.com,2023-07-17
389,Erin Cross,Vaughnfort,pwalters@gmail.com,2024-05-26
390,Cynthia Hernandez MD,West Rachel,iknight@dougherty.org,2026-03-17
391,Kelsey Johnson,Aprilport,selena48@vazquez.org,2024-01-25
392,Elizabeth Gamble,Port Christineberg,kking@hotmail.com,2023-12-03
393,Brian Mccormick,Kennethview,cooperlori@wood-marquez.com,2026-04-03
394,Tabitha Williams,Lake Jessica,rodneyjones@hotmail.com,2025-11-30
395,Jennifer Richards,Port Anthony,omcgee@hotmail.com,2026-02-21
396,Lisa Jackson,South Stephanieview,lisamarsh@sanchez-brown.com,2025-08-24
397,Harold Cole,Port Thomas,brichards@valdez.org,2024-02-04
398,Robert Lindsey,West Tina,rebeccamalone@leach.info,2024-11-10
399,Jason Browning,South Rhondatown,emartin@villanueva-esparza.com,2025-08-28
400,Amanda Hansen,Bettyfurt,aanderson@romero-henry.com,2024-07-19
401,Pamela Butler,Port Monica,jeremy18@wilson.com,2023-07-12
402,Katie Phillips,Markberg,elizabethschneider@meyer-terry.net,2025-07-22
403,Janet Johnson,Rushberg,kim31@williams.org,2026-04-26
404,Kyle Kirk,Port Michelle,jordankatherine@phillips.com,2024-05-21
405,Joseph Williams,Michaelville,bnorris@hotmail.com,2026-03-11
406,Theodore Martinez Jr.,Vanessamouth,austinkrueger@wood.org,2025-01-18
407,Daniel Jennings,West Kellymouth,normangill@booth.com,2024-08-04
408,April Parsons,Herrerabury,colemanjohn@mcclure-sims.org,2025-08-27
409,Michelle Sanchez,South Jeromestad,careysteven@johnson.com,2023-12-14
410,Mrs. Cynthia Williams,North Laura,hevans@hotmail.com,2025-04-05
411,Amber Wood,East Kathleen,david33@hotmail.com,2026-01-28
412,Victoria Lopez,East Charlotteborough,darren24@thomas.org,2025-10-22
413,Marisa Jones,Angelatown,scunningham@yahoo.com,2025-04-23
414,Aaron Walker DDS,Castillotown,ashleyfernandez@fox-simpson.biz,2023-09-06
415,Andrew Chandler,Cassandrastad,suzannejohnson@guerra.biz,2024-12-12
416,Amy Roberts,Kevinport,toddfields@hotmail.com,2026-04-20
417,Rhonda Howell,East Annaton,edudley@gmail.com,2024-10-21
418,Zachary Williamson,New Adam,shannonmaynard@gmail.com,2024-04-18
419,Andrew Stephens,Marciaberg,hamiltonsonya@gmail.com,2024-03-01
420,Tony Patel,South Carolyn,jortiz@hotmail.com,2024-06-27
421,Christopher Thomas,Travisport,bakerrebecca@walker.com,2024-12-07
422,Yvette Jimenez,Port Stephanie,andrewwatson@johnson.org,2025-11-03
423,Chad Hogan,Shaneview,mark31@gmail.com,2024-10-27
424,Angela Stone,East Paulmouth,russellwilliam@garcia.com,2025-02-17
425,Robert Manning,West Alicia,anthony85@byrd-sanders.com,2025-07-26
426,Grace Santos,Seanview,tdelacruz@martin.com,2025-08-20
427,Tonya Hogan,Goodwinberg,andrew44@johnson.com,2026-01-20
428,Luis Weaver,Port Jessicaville,kevin91@yahoo.com,2023-09-29
429,Jordan Mcfarland,Youngmouth,sanchezkenneth@bright-powell.biz,2023-06-22
430,Ronald Henry,North Debramouth,robinmiller@hotmail.com,2025-09-19
431,Megan Richardson,New Nicole,fperez@miranda-benson.com,2026-03-17
432,Brandon James,West Emily,tdaniels@hotmail.com,2024-10-19
433,Robert Dawson,North Cole,hdrake@powell-hunter.com,2023-06-17
434,Jason Wheeler,West Jorgeburgh,jennifer42@allison.com,2024-09-30
435,Denise Maxwell,Nicholsland,caseybrianna@edwards-matthews.com,2026-04-14
436,Kelly Roberts,Paulfurt,jenkinsangela@hotmail.com,2024-03-04
437,Michelle Henderson,Alexandrachester,antoniosmith@flynn-thomas.info,2024-06-11
438,Allen Hernandez,Lake Andrewbury,turnerjohn@gmail.com,2025-05-07
439,Kevin Rowe,Cruzport,cmiller@sanchez-williams.biz,2025-02-05
440,Joshua Sanchez,Kristenton,sabrinarusso@carney.com,2024-04-26
441,Michael Snyder,South Williamfurt,alexandersimon@lawrence.com,2025-12-31
442,Makayla Riley,Perezhaven,wrussell@yahoo.com,2025-11-10
443,Amy Jimenez,East Thomasmouth,timothylester@gmail.com,2024-11-19
444,Leslie Conner,Port Christopherberg,brodriguez@yahoo.com,2025-01-27
445,Jeffrey Acosta,Nelsonberg,michaelwells@fields.com,2025-07-26
446,Brian Smith,Carlamouth,ldyer@gmail.com,2024-03-29
447,Angela Cox,East Jasonport,turneralexis@hotmail.com,2025-05-27
448,Kathleen Wright,Jonathanside,hermandiana@taylor.info,2025-09-24
449,Miranda Stephens,Kristinehaven,kyle08@gmail.com,2025-11-14
450,Lisa Berger,Nathanport,connerterri@wheeler.com,2025-06-27
451,Melissa Murray,Desireeport,umoon@gmail.com,2024-12-21
452,Julie Kim,New Bradleyland,jraymond@king.org,2025-01-04
453,Johnny Long,New Matthew,osborneblake@richardson.org,2025-07-25
454,Kristina Flores,Nicoletown,renee43@yahoo.com,2024-08-26
455,Ronald Cole,Rodriguezbury,williamsrhonda@hotmail.com,2026-03-08
456,Courtney King,West Michelletown,blakeorr@hotmail.com,2025-11-15
457,Katie Wallace,West Brittanyshire,jesusphillips@yahoo.com,2024-06-17
458,Gregory Kerr,Griffithview,joseph70@yahoo.com,2024-05-10
459,Cody Rivera,East Eric,xruiz@flores-howard.com,2025-01-11
460,Jason Morris,Rachelhaven,kimberly29@wise.com,2024-04-14
461,Larry Wong,North Patrickborough,ricardowalker@castillo.com,2024-06-28
462,Mark Patterson,East Williamton,aaron55@rogers-caldwell.com,2024-08-19
463,Michael Lloyd,Mitchellberg,bakerchase@yahoo.com,2025-11-08
464,Ashley Mullins,Rebeccaside,karinasmith@mata.com,2025-12-25
465,Regina Miller,Paynemouth,carolyn91@hotmail.com,2025-08-19
466,Heather Martin,Kristaville,melanieanderson@yahoo.com,2026-03-23
467,Mark Thompson,Hernandezburgh,danielmcintyre@yahoo.com,2024-11-05
468,Stephen Mcmahon,New Marissabury,martinezsteven@walker-hernandez.org,2024-04-11
469,David Young,Williamsshire,bball@gmail.com,2024-05-17
470,Robert Johnston,Ericstad,elizabethglass@yahoo.com,2025-01-24
471,Jonathan Fox,Lake Kevinmouth,briansosa@dominguez.info,2023-06-21
472,Diane Hughes,East Jennifershire,kathleen72@grant-wilkins.biz,2024-05-25
473,Mrs. Karen Howard MD,Jessicashire,wfritz@walters.biz,2023-07-28
474,Kim Gordon,Nicoleville,catherinerichards@hotmail.com,2026-01-19
475,Susan Duran,Freemanhaven,johnroman@gmail.com,2026-03-24
476,Kristina Murphy,Stephenmouth,sarah48@peck-jackson.info,2026-02-09
477,Yvonne Hodges,Laurenland,david35@morales-lee.com,2024-05-25
478,Jason Hughes,East Willie,ianarnold@yahoo.com,2023-09-01
479,Tara Gutierrez,New Justinstad,christopher49@sanchez.com,2024-07-10
480,Michelle Cunningham,West David,david69@yahoo.com,2025-02-02
481,Christina Guzman,Bryantchester,jasonschultz@gmail.com,2025-12-31
482,Anthony Cole,Stephaniestad,griffinmichelle@hotmail.com,2024-09-29
483,Karen Harris,New Corey,adammclaughlin@hotmail.com,2025-02-25
484,Stephen Dickerson,Mooreport,schmidtkeith@hotmail.com,2026-03-12
485,Patrick Brown,West Matthewberg,kwilcox@yahoo.com,2026-04-29
486,Sergio Morales,Lake Barbarastad,jill57@ramos.com,2025-03-08
487,Ann Bridges,Marilynland,jmahoney@schneider.com,2024-09-29
488,Kendra Huynh,Mccarthyhaven,mitchell70@jenkins.com,2025-06-25
489,Stephen Foley,Joechester,derrick72@barrera.com,2026-01-29
490,Edward Ford,Stephenfurt,mark60@carroll.org,2023-06-07
491,Shannon Arias,Rebeccaberg,rowebreanna@yahoo.com,2023-12-04
492,Hannah Flynn,Lisaland,ericwood@yahoo.com,2023-06-29
493,Stephen Martin,Nortonbury,gwalker@benson.com,2025-10-16
494,Tara Patterson,Vanessaville,jenkinsstephen@yahoo.com,2023-12-20
495,Henry Mcguire,Parkshire,stevenporter@yahoo.com,2025-04-23
496,Erik Murray,Spencerfort,robert15@hotmail.com,2023-09-14
497,Theresa Soto,Brittanyhaven,reyesgina@sanchez-taylor.biz,2025-09-27
498,Maria Smith,Port Bradleyville,johnwang@ferguson-ross.com,2024-10-04
499,Richard Cobb,Lake Luis,andrea45@smith.org,2024-07-16
500,Samantha Williams,Nielsenburgh,benjaminwilliams@gmail.com,2024-08-27
