loan_id,customer_id,loan_amount,loan_status,loan_date
1,153,417300.2,Pending,03-10-2022
2,454,298662.79,Closed,02-08-2025
3,185,234570.99,Pending,22-04-2026
4,291,445652.22,Closed,15-01-2023
5,112,257994.19,Closed,24-07-2022
6,7,112129.66,Pending,21-12-2023
7,441,170296.35,Rejected,05-02-2026
8,485,361371.34,Closed,02-02-2023
9,235,492193.6,Pending,26-03-2025
10,472,248382.72,Closed,03-05-2026
11,408,493456.69,Pending,26-09-2022
12,40,310103.31,Approved,03-08-2024
13,437,20443.97,Approved,27-12-2025
14,439,10549.89,Closed,19-01-2025
15,477,5004.69,Rejected,09-06-2022
16,196,365730.37,Pending,07-09-2025
17,50,31501.23,Pending,11-08-2025
18,331,99438.8,Rejected,15-03-2023
19,380,438840.1,Approved,24-02-2026
20,144,211656.08,Approved,05-01-2023
21,153,386369.62,Approved,30-08-2024
22,155,75209.85,Rejected,21-11-2023
23,477,466461.59,Pending,15-03-2024
24,62,460106.15,Approved,15-07-2022
25,451,465866.32,Rejected,27-12-2024
26,90,12100.3,Approved,05-03-2023
27,372,121227.4,Closed,28-09-2023
28,139,16166.68,Rejected,22-01-2023
29,33,367059.84,Pending,01-07-2025
30,111,37253.09,Rejected,02-08-2025
31,16,23394.78,Rejected,26-12-2023
32,426,235522.28,Pending,22-11-2025
33,499,11568.19,Approved,24-09-2024
34,337,36190.07,Closed,26-04-2025
35,364,144376.46,Rejected,30-07-2023
36,104,401960.8,Approved,18-02-2024
37,344,139621.41,Pending,29-12-2025
38,121,346389.22,Approved,10-09-2023
39,333,26840.94,Rejected,15-05-2022
40,287,476312.48,Rejected,10-06-2025
41,406,119602.84,Approved,19-08-2024
42,147,185197.22,Closed,24-09-2023
43,234,411253.53,Pending,14-08-2024
44,192,331007.66,Closed,28-11-2023
45,372,277756.91,Pending,14-09-2025
46,165,368921.5,Closed,04-08-2022
47,209,91111.55,Rejected,09-04-2023
48,191,236404.67,Closed,27-03-2024
49,393,149762.52,Rejected,09-06-2022
50,346,273422.95,Closed,26-03-2023
51,493,218697.11,Closed,23-09-2025
52,454,73132.54,Closed,09-09-2023
53,331,235944.81,Pending,23-08-2022
54,456,26164.09,Pending,09-06-2023
55,307,174116.69,Pending,17-06-2024
56,436,400374.1,Pending,07-05-2024
57,418,397177.51,Rejected,19-02-2023
58,42,412604.47,Approved,10-05-2025
59,257,274278.38,Approved,05-08-2023
60,295,7000.05,Pending,26-07-2025
61,379,117257.25,Closed,25-07-2024
62,251,62876.07,Closed,17-03-2024
63,281,468779.39,Rejected,10-12-2023
64,113,290624.62,Rejected,04-07-2022
65,353,377024.93,Approved,30-12-2025
66,116,322032.33,Rejected,10-03-2026
67,80,418002.89,Pending,31-08-2023
68,367,5295.08,Approved,07-02-2025
69,254,76456,Approved,25-11-2023
70,356,475304.75,Pending,26-04-2025
71,387,206029.34,Pending,11-03-2024
72,278,320933.06,Pending,16-03-2026
73,13,13028.9,Closed,30-12-2024
74,62,107508.26,Approved,03-10-2023
75,35,130449.78,Approved,24-08-2024
76,217,472712.93,Rejected,04-12-2022
77,6,350420.16,Closed,02-08-2025
78,176,196934.92,Pending,04-01-2024
79,156,217119.32,Rejected,07-01-2023
80,326,309327.57,Approved,21-08-2025
81,348,248210.07,Approved,28-07-2024
82,256,163217.76,Approved,20-06-2024
83,131,351812.59,Rejected,10-07-2023
84,386,271813.57,Approved,27-12-2024
85,217,345852.62,Closed,18-09-2024
86,486,485824.36,Rejected,01-10-2025
87,14,193083.81,Rejected,02-09-2023
88,389,453408.33,Rejected,02-11-2025
89,130,274148.8,Approved,10-09-2023
90,126,363517.92,Approved,20-03-2024
91,233,193026.3,Closed,24-07-2022
92,124,303786.32,Rejected,15-11-2022
93,18,164821.89,Rejected,17-11-2025
94,111,308790.04,Approved,22-01-2023
95,6,343492.77,Approved,28-05-2023
96,479,255615.8,Approved,14-10-2024
97,258,94710.47,Closed,29-05-2024
98,357,284699.73,Approved,12-10-2022
99,130,294902.23,Rejected,20-10-2025
100,90,451619.56,Closed,28-02-2023
101,438,85559.36,Closed,04-02-2025
102,308,169050.72,Approved,15-03-2024
103,352,81624.11,Approved,06-07-2024
104,102,243662.37,Pending,17-01-2025
105,3,196715.32,Pending,26-06-2023
106,396,191476.21,Closed,26-06-2023
107,94,115594.21,Rejected,05-01-2023
108,118,358344.83,Approved,15-12-2024
109,52,86394.47,Pending,23-04-2025
110,380,489504.48,Approved,18-03-2026
111,225,250592.1,Rejected,27-12-2025
112,11,355662.36,Closed,26-10-2022
113,326,274024.89,Rejected,21-02-2025
114,243,21600.75,Rejected,25-03-2026
115,286,352513.64,Approved,08-08-2023
116,34,48185.26,Closed,27-10-2023
117,244,203656.85,Pending,30-05-2023
118,465,464294.54,Pending,19-12-2023
119,62,16934.09,Approved,26-12-2024
120,293,97461.4,Pending,07-01-2023
121,229,331631.67,Closed,21-02-2025
122,286,135188.31,Approved,13-05-2025
123,498,396049.09,Pending,15-02-2023
124,299,209561.6,Approved,02-06-2025
125,119,105211.4,Closed,13-08-2025
126,69,374587.86,Rejected,15-05-2024
127,6,189069.99,Approved,05-09-2022
128,58,264658.75,Closed,10-07-2022
129,300,267607.05,Closed,13-10-2022
130,451,406673.56,Closed,10-09-2023
131,472,125619.69,Rejected,01-01-2026
132,411,110712.72,Rejected,25-09-2023
133,245,241973.5,Approved,12-01-2025
134,89,196989.48,Approved,29-01-2024
135,75,335205.76,Pending,26-06-2025
136,441,381456.42,Rejected,26-04-2023
137,263,494984.13,Approved,20-03-2025
138,290,86542.7,Rejected,22-10-2025
139,430,314683.63,Pending,29-11-2025
140,424,134921.88,Approved,29-11-2024
141,386,218776.16,Closed,14-05-2025
142,400,200341.27,Pending,19-11-2022
143,344,364615.15,Closed,17-04-2025
144,201,227665.03,Pending,27-11-2023
145,384,454216.41,Rejected,25-01-2025
146,315,474947.01,Rejected,27-07-2022
147,331,436576.24,Pending,06-09-2023
148,124,301494.53,Closed,15-07-2023
149,255,387684.09,Rejected,07-12-2023
150,308,20302.44,Approved,07-07-2025
151,288,46997.12,Pending,14-09-2023
152,396,322493.06,Closed,13-08-2024
153,143,199667.33,Rejected,01-08-2022
154,333,404371.64,Closed,29-03-2026
155,156,418980.61,Closed,11-04-2026
156,471,157530.22,Rejected,05-10-2023
157,262,246454.82,Pending,07-07-2023
158,241,171852.25,Rejected,11-06-2024
159,500,174492.96,Approved,26-10-2023
160,129,316415.08,Closed,09-07-2025
161,448,148028.75,Pending,13-02-2024
162,161,463775.82,Closed,11-08-2023
163,465,123510.32,Pending,19-10-2023
164,179,486308.64,Pending,12-04-2023
165,423,170824.25,Rejected,28-08-2025
166,143,135635.52,Rejected,11-03-2025
167,343,331260.01,Pending,17-05-2024
168,411,386104.97,Closed,22-10-2025
169,98,345116.17,Closed,26-02-2024
170,365,273674.08,Closed,10-12-2022
171,105,400025.17,Pending,04-06-2023
172,61,363673.39,Closed,07-10-2025
173,327,127278.43,Closed,16-05-2024
174,94,444200.27,Rejected,17-09-2022
175,192,126588.74,Rejected,06-08-2025
176,368,139016.54,Rejected,04-10-2022
177,276,173992.72,Closed,16-09-2024
178,311,40664.87,Approved,04-02-2026
179,495,191398.2,Rejected,12-03-2023
180,2,37940.47,Closed,05-12-2025
181,476,250052.52,Closed,25-01-2023
182,262,285889.55,Pending,04-08-2024
183,137,30241.55,Rejected,16-03-2024
184,322,490939.85,Approved,11-09-2025
185,244,221400.25,Closed,23-12-2022
186,62,74165.04,Approved,01-01-2026
187,186,381261.59,Approved,07-02-2024
188,22,424351.48,Closed,09-03-2025
189,56,276502.9,Closed,18-12-2024
190,66,393015.97,Rejected,20-06-2023
191,105,24769,Approved,29-03-2025
192,6,60158.86,Closed,24-09-2025
193,146,217752.31,Pending,05-11-2022
194,113,311064.39,Closed,14-09-2024
195,476,278544.82,Pending,20-09-2023
196,78,16362.26,Closed,31-03-2023
197,391,113836.79,Rejected,19-08-2025
198,105,273147.08,Approved,28-04-2025
199,489,84395.91,Closed,23-07-2023
200,415,245697.25,Approved,01-07-2023
201,127,423464.22,Pending,06-03-2026
202,124,232455.77,Pending,16-04-2023
203,457,90903.84,Pending,08-04-2026
204,144,58156.52,Pending,27-03-2024
205,344,157704.65,Rejected,22-10-2023
206,229,110626.97,Approved,01-06-2024
207,434,45588.58,Rejected,21-11-2023
208,227,79440.84,Rejected,18-12-2025
209,436,309451.2,Rejected,21-09-2022
210,12,272925.99,Closed,02-04-2023
211,106,441494.12,Rejected,29-07-2022
212,224,395845.94,Closed,19-10-2024
213,165,15254.32,Rejected,29-12-2023
214,430,223883.79,Pending,09-12-2022
215,191,76535.29,Approved,29-11-2024
216,308,419285.18,Rejected,06-03-2024
217,87,395094.63,Pending,04-12-2024
218,112,160534.83,Rejected,11-11-2024
219,141,128139,Closed,04-05-2023
220,461,119293.26,Rejected,11-05-2023
221,492,17016.61,Pending,15-04-2026
222,331,350302.55,Rejected,22-02-2026
223,366,401049.82,Rejected,03-08-2025
224,293,175866.15,Rejected,17-04-2025
225,11,248023.95,Rejected,10-11-2025
226,466,214948.22,Rejected,08-04-2023
227,131,177373.88,Closed,27-06-2024
228,188,456241.33,Closed,13-01-2024
229,246,83258.61,Pending,11-11-2025
230,438,294819.82,Pending,18-03-2023
231,434,22965.19,Rejected,21-04-2023
232,187,28749.37,Pending,26-06-2024
233,47,355016.75,Pending,02-01-2025
234,48,309647.73,Approved,03-04-2025
235,129,44231.4,Closed,18-05-2023
236,232,78769.52,Pending,31-01-2025
237,440,220767.42,Pending,16-04-2025
238,118,207684.87,Pending,30-08-2022
239,267,38055.56,Approved,19-09-2023
240,318,30812.54,Pending,17-05-2024
241,148,276229.58,Rejected,20-12-2024
242,459,88123.48,Approved,02-01-2026
243,414,480864.36,Approved,23-12-2023
244,35,387553.98,Closed,11-03-2026
245,419,392656.08,Approved,17-03-2024
246,399,233955.88,Closed,18-11-2024
247,371,93567.37,Pending,22-01-2026
248,126,394519.64,Closed,01-11-2023
249,438,90038.3,Closed,28-02-2025
250,263,407586.35,Approved,13-05-2024
251,202,71799.81,Approved,05-11-2023
252,241,82175.16,Pending,07-07-2025
253,124,431535.7,Closed,22-02-2026
254,294,392662.94,Rejected,21-12-2025
255,126,230197.36,Approved,05-03-2024
256,366,127866.32,Approved,09-09-2025
257,35,491513.87,Pending,17-03-2023
258,1,147165.24,Rejected,04-11-2022
259,347,378357.98,Rejected,28-05-2024
260,456,264900.14,Closed,04-11-2025
261,403,304730.99,Rejected,05-04-2026
262,385,129457.76,Rejected,03-10-2023
263,86,254060.51,Rejected,04-06-2022
264,65,403395.17,Pending,18-07-2024
265,38,301900.12,Closed,19-09-2025
266,432,152728.88,Rejected,03-01-2025
267,196,191092.39,Closed,21-02-2025
268,13,160699.86,Pending,02-12-2025
269,385,12940.56,Rejected,06-01-2026
270,397,321034.57,Pending,10-07-2025
271,231,433272.6,Pending,29-11-2024
272,333,397911.46,Rejected,09-04-2023
273,126,75446.09,Pending,07-09-2024
274,463,222317.89,Rejected,01-11-2024
275,205,235842.78,Rejected,01-03-2025
276,191,441779.8,Rejected,17-03-2026
277,67,210821.01,Approved,23-09-2023
278,126,474124.09,Approved,22-07-2023
279,152,190147.64,Closed,25-03-2026
280,239,455149.06,Rejected,16-12-2025
281,40,301127.05,Closed,16-05-2022
282,421,258717.94,Rejected,26-05-2023
283,21,467318.7,Rejected,14-10-2022
284,35,179478.8,Pending,11-09-2024
285,159,461382.72,Pending,25-12-2022
286,6,496089.28,Pending,16-07-2025
287,382,356996.99,Closed,24-11-2023
288,31,17218.34,Pending,14-05-2024
289,323,262940.06,Approved,29-03-2023
290,230,204688.97,Rejected,16-03-2023
291,178,312777.47,Closed,14-10-2023
292,189,30203.59,Approved,31-12-2024
293,453,222006.93,Rejected,19-08-2022
294,222,383001.63,Approved,24-10-2024
295,342,390757.4,Approved,30-12-2025
296,496,80898.35,Rejected,06-07-2022
297,170,332005.05,Rejected,03-12-2025
298,375,362659.04,Closed,07-10-2022
299,74,75394.56,Pending,06-02-2023
300,48,310352.81,Closed,20-05-2025
301,202,114017.59,Approved,26-12-2023
302,156,10996.79,Pending,24-12-2024
303,100,212096.06,Pending,14-03-2025
304,214,400738.48,Pending,15-09-2025
305,219,275792.71,Closed,01-10-2022
306,470,109254.91,Approved,03-03-2024
307,84,430126.12,Closed,30-09-2023
308,373,243918.97,Approved,15-02-2026
309,113,236811.77,Pending,24-12-2025
310,474,337942.84,Approved,26-06-2025
311,41,336361.48,Closed,05-07-2024
312,316,365321.34,Closed,23-12-2025
313,436,237118.52,Closed,16-03-2023
314,296,281491.45,Closed,07-08-2022
315,324,334146.04,Pending,23-11-2025
316,342,342568.86,Closed,11-09-2023
317,413,298955.91,Pending,16-04-2024
318,116,408391.27,Rejected,18-08-2022
319,248,139733.32,Closed,12-09-2024
320,256,486516.77,Rejected,17-09-2025
321,27,476289.72,Closed,04-10-2022
322,411,432247.33,Approved,12-03-2025
323,422,78246.12,Pending,28-03-2026
324,433,392820.84,Pending,27-03-2023
325,238,453061.46,Approved,08-04-2024
326,358,273393.59,Closed,16-10-2022
327,212,372549.17,Rejected,01-01-2024
328,291,168950.5,Approved,29-09-2022
329,125,85410.51,Rejected,03-11-2023
330,486,464562.88,Approved,24-06-2025
331,397,160408.72,Approved,16-06-2024
332,224,205932.73,Rejected,18-09-2023
333,79,210040.34,Approved,19-06-2024
334,171,469109.04,Approved,15-01-2024
335,158,121662.75,Rejected,12-03-2026
336,476,479345.76,Pending,03-12-2022
337,208,217902.29,Pending,25-09-2024
338,147,125401.76,Pending,27-08-2024
339,173,83800.04,Closed,26-01-2024
340,304,191539.58,Approved,10-08-2025
341,52,45636.96,Approved,23-07-2022
342,77,272483.37,Rejected,27-02-2025
343,460,50695.95,Pending,21-04-2024
344,27,6033.19,Pending,31-03-2023
345,17,71074.23,Closed,22-06-2022
346,348,344402.54,Closed,12-09-2024
347,342,288138.64,Approved,24-10-2024
348,85,446975.46,Closed,11-01-2024
349,52,24276.41,Approved,03-04-2025
350,21,309109.85,Pending,02-11-2024
351,405,89117.52,Rejected,19-08-2024
352,422,496773.16,Approved,16-07-2025
353,137,298718.23,Approved,30-06-2025
354,426,308304.8,Pending,14-03-2025
355,34,233856.6,Closed,12-12-2025
356,81,323514.69,Approved,16-02-2025
357,255,305209.38,Closed,19-05-2025
358,17,199729.77,Closed,14-05-2024
359,341,85589.23,Rejected,04-01-2025
360,415,228991.68,Closed,24-11-2024
361,151,328477.26,Rejected,31-10-2023
362,215,404448.1,Pending,04-05-2023
363,407,492376.34,Closed,26-11-2025
364,342,166671.78,Pending,31-10-2025
365,237,78616.85,Pending,26-06-2025
366,19,44329.3,Approved,16-07-2024
367,76,58298.87,Rejected,04-10-2024
368,65,78916.78,Approved,21-11-2025
369,145,386331.52,Closed,30-12-2025
370,297,123430.76,Rejected,06-04-2026
371,223,207890.88,Closed,29-01-2025
372,480,356009.83,Rejected,18-04-2026
373,336,21748.88,Pending,15-02-2026
374,201,99786.86,Approved,31-01-2026
375,26,20532.86,Closed,25-10-2023
376,200,97348.43,Rejected,14-03-2026
377,238,330873.08,Rejected,16-03-2026
378,402,356025.16,Closed,08-05-2025
379,231,70787.11,Closed,07-09-2023
380,382,483515.07,Rejected,08-06-2023
381,338,160820.25,Pending,12-05-2022
382,4,435241.21,Pending,26-07-2023
383,489,129047.19,Approved,29-01-2024
384,250,438382.87,Closed,18-07-2023
385,76,25802.61,Pending,18-02-2026
386,123,258828.28,Rejected,24-04-2026
387,491,142541.84,Pending,26-02-2026
388,370,94353.9,Approved,27-01-2025
389,395,9566.45,Closed,08-10-2023
390,365,174766.68,Closed,23-05-2024
391,173,6354.97,Rejected,01-10-2024
392,396,413040.4,Pending,16-11-2024
393,109,78163.89,Closed,23-10-2024
394,272,198391.64,Pending,26-01-2026
395,223,386007.36,Approved,07-06-2022
396,233,482250.55,Closed,23-12-2025
397,276,498411.11,Rejected,17-01-2025
398,23,145820.41,Approved,21-08-2025
399,209,296713.53,Approved,01-06-2024
400,243,415628.62,Rejected,13-09-2022
401,476,234453.82,Pending,03-01-2024
402,473,161013.88,Pending,09-06-2025
403,231,136026.75,Approved,22-08-2025
404,419,118589.1,Closed,06-02-2026
405,203,136356.13,Pending,02-03-2026
406,21,114791.46,Rejected,11-09-2024
407,123,201505.19,Rejected,23-08-2022
408,25,479525.54,Closed,27-01-2024
409,275,408140.22,Rejected,15-03-2023
410,9,253367.16,Closed,24-11-2023
411,394,302121.26,Approved,15-09-2024
412,255,494489.85,Pending,07-01-2026
413,274,332337.85,Closed,18-01-2026
414,400,62356.47,Pending,09-03-2024
415,474,494692.16,Closed,23-05-2023
416,91,274806.31,Pending,04-11-2024
417,8,344116.6,Approved,06-04-2025
418,169,325187.28,Rejected,01-10-2024
419,11,54232.67,Closed,30-08-2024
420,87,330441.3,Closed,16-11-2022
421,213,85121.43,Rejected,10-10-2023
422,105,365935.09,Closed,10-08-2023
423,50,383720.89,Closed,24-10-2023
424,159,498953.12,Approved,12-10-2023
425,40,491492.73,Approved,06-01-2026
426,437,468865.89,Pending,03-12-2024
427,34,390439.11,Closed,11-08-2025
428,495,93590.38,Rejected,02-01-2023
429,173,65112.33,Rejected,04-03-2024
430,262,65438.27,Closed,26-02-2024
431,403,46217.71,Approved,12-03-2026
432,181,92317.28,Pending,20-09-2023
433,280,472745.66,Approved,02-11-2025
434,467,457370.53,Approved,01-02-2025
435,33,85334.61,Closed,13-04-2023
436,83,263432.92,Pending,24-03-2025
437,246,495601.2,Closed,09-08-2024
438,16,173389.48,Rejected,06-11-2025
439,406,379594.38,Approved,19-04-2026
440,414,258647.78,Rejected,07-05-2023
441,109,87923.89,Rejected,18-03-2023
442,397,295245.47,Approved,05-02-2023
443,500,496546.01,Pending,16-09-2025
444,428,330227.73,Rejected,13-12-2024
445,286,386565.31,Rejected,21-01-2025
446,165,323051.05,Pending,05-08-2022
447,461,25772.49,Rejected,17-04-2024
448,97,6842.26,Closed,29-09-2024
449,9,493892.89,Closed,28-12-2024
450,333,172669.18,Approved,13-10-2022
451,497,161009.24,Rejected,17-02-2023
452,44,71369.41,Approved,19-05-2025
453,305,262654.52,Approved,27-12-2024
454,304,72206.3,Rejected,03-05-2023
455,284,498087.16,Closed,20-03-2023
456,62,314348.54,Approved,21-05-2025
457,403,418437.22,Closed,25-11-2022
458,126,159468.8,Rejected,26-06-2025
459,151,24274.7,Approved,21-04-2023
460,29,469829.06,Pending,09-01-2023
461,357,132849.29,Rejected,26-02-2024
462,79,143930.7,Rejected,01-08-2024
463,39,487689.13,Closed,19-06-2025
464,39,251652.09,Closed,11-02-2026
465,209,16252.46,Closed,11-10-2025
466,168,96464.19,Approved,03-06-2024
467,446,73025.24,Approved,26-11-2025
468,186,61120.22,Closed,26-06-2024
469,394,170223.65,Approved,15-12-2025
470,94,290323.62,Approved,13-04-2023
471,119,29293.96,Closed,29-09-2025
472,431,381514.03,Approved,10-01-2023
473,416,357842.87,Closed,19-11-2024
474,465,278421.54,Closed,27-08-2023
475,52,448186.28,Approved,05-10-2022
476,160,459824.97,Rejected,21-05-2024
477,48,330659.27,Closed,12-09-2025
478,380,30766.47,Approved,18-04-2024
479,49,474746.99,Approved,10-12-2022
480,55,446244.18,Approved,23-03-2024
481,241,405702.79,Rejected,02-06-2025
482,278,57911.01,Pending,02-05-2026
483,303,470130.3,Pending,03-01-2025
484,42,170361.1,Pending,01-11-2022
485,333,459490.76,Approved,06-07-2025
486,323,407062.87,Rejected,07-10-2024
487,112,365730.58,Pending,14-05-2024
488,87,370241.53,Pending,20-03-2024
489,209,7616.81,Closed,14-08-2022
490,296,398357.2,Pending,27-08-2024
491,253,276044.07,Approved,20-10-2025
492,221,109448.72,Rejected,28-02-2024
493,99,413387.56,Closed,17-06-2025
494,177,72424.2,Rejected,21-09-2024
495,467,291274.19,Closed,30-12-2022
496,128,310110.5,Approved,29-12-2024
497,362,213010.97,Rejected,09-05-2023
498,1,489018.84,Rejected,08-02-2026
499,303,99626.64,Closed,18-11-2025
500,354,68454.56,Pending,12-11-2025
501,417,322206.18,Approved,16-11-2023
502,496,337156.77,Pending,26-05-2024
503,365,24902.07,Pending,16-11-2022
504,382,28049.28,Approved,30-08-2025
505,351,200385.79,Pending,06-12-2024
506,142,479902.91,Approved,16-11-2022
507,334,109051.46,Approved,21-05-2022
508,425,349630.94,Rejected,05-06-2022
509,55,173971.71,Rejected,25-02-2026
510,74,77758.84,Approved,10-10-2022
511,445,187534.63,Rejected,03-08-2025
512,194,331462.51,Closed,24-04-2024
513,228,333244.27,Pending,06-01-2024
514,106,197659.46,Pending,26-11-2023
515,446,334599.21,Pending,02-05-2024
516,251,247012.19,Closed,24-07-2022
517,224,29222.05,Approved,28-04-2024
518,222,234473.34,Approved,20-06-2023
519,401,445023.66,Approved,12-11-2023
520,384,232080.07,Closed,29-06-2025
521,105,209635.15,Closed,07-02-2026
522,73,145305.86,Pending,11-07-2023
523,219,385681.51,Rejected,11-01-2023
524,403,382503.5,Approved,19-05-2022
525,301,229942.38,Closed,25-08-2023
526,330,116036.29,Pending,21-02-2024
527,353,432604.67,Rejected,11-06-2022
528,494,198344.48,Pending,22-12-2023
529,246,114180,Pending,19-09-2024
530,9,391598.87,Rejected,27-08-2024
531,197,113342.08,Pending,17-11-2022
532,57,137499.52,Closed,08-04-2023
533,268,131131.53,Approved,27-11-2023
534,140,431691.19,Closed,27-12-2024
535,383,204838.8,Approved,18-02-2024
536,291,478791.3,Approved,28-01-2026
537,124,449893.96,Closed,19-09-2023
538,415,125925.63,Pending,28-11-2025
539,322,251033.16,Approved,01-09-2024
540,77,479517.65,Closed,17-07-2024
541,394,346370.7,Rejected,16-10-2022
542,291,173941.65,Rejected,22-10-2024
543,100,97749.07,Closed,11-02-2023
544,370,383260.3,Closed,01-01-2026
545,357,403273.63,Pending,15-10-2025
546,322,203967.07,Closed,10-03-2025
547,50,193061.15,Pending,12-11-2022
548,456,126217.61,Approved,01-05-2026
549,440,171393.25,Rejected,25-09-2025
550,389,124377.73,Closed,05-04-2023
551,253,117650.95,Approved,25-12-2023
552,354,42752.79,Pending,29-03-2026
553,119,208313.97,Approved,12-03-2026
554,105,236206.02,Approved,26-11-2024
555,53,342075.57,Rejected,17-07-2024
556,368,72182.02,Pending,22-10-2023
557,112,188584.11,Approved,16-08-2025
558,132,10790.42,Rejected,14-07-2025
559,62,495701.21,Rejected,09-06-2025
560,458,108496.8,Closed,31-01-2026
561,473,122171.21,Approved,27-08-2022
562,48,403680.82,Pending,17-09-2024
563,23,240626.17,Closed,08-03-2024
564,278,87683.68,Approved,31-05-2022
565,475,421813.17,Pending,05-02-2025
566,408,208845.45,Closed,23-07-2022
567,52,48911.54,Pending,28-06-2025
568,474,289959.02,Approved,20-01-2023
569,219,349707.65,Closed,16-11-2022
570,386,228916.12,Pending,09-03-2025
571,14,370755.85,Approved,28-05-2025
572,342,141252.68,Pending,20-09-2025
573,422,82692.31,Approved,27-03-2026
574,376,93798.82,Pending,27-10-2024
575,102,70650.94,Rejected,17-10-2024
576,32,332522.33,Pending,05-12-2022
577,317,71584.94,Approved,08-12-2025
578,372,456559.41,Pending,05-12-2024
579,188,315429.63,Closed,09-05-2024
580,428,344946.07,Pending,18-06-2022
581,353,36317.65,Pending,13-04-2024
582,243,192152.64,Pending,12-05-2025
583,192,22389.11,Pending,06-12-2023
584,351,422239.32,Rejected,10-08-2024
585,56,46989.52,Pending,06-09-2023
586,109,41240.45,Rejected,27-04-2025
587,56,220136.14,Pending,10-09-2024
588,137,358280.02,Closed,16-05-2025
589,454,229262.3,Pending,03-09-2025
590,489,227283.99,Pending,07-06-2022
591,313,419161.56,Rejected,25-05-2024
592,143,161286.45,Pending,05-08-2025
593,475,368040.13,Approved,02-05-2024
594,101,205879,Rejected,17-06-2023
595,396,270046.63,Approved,16-09-2025
596,448,292794.25,Pending,04-03-2023
597,462,31627.14,Approved,05-03-2023
598,287,242264.23,Pending,09-04-2026
599,28,261387.44,Pending,13-07-2024
600,410,67581.4,Approved,10-07-2025
601,261,429860.06,Approved,05-01-2023
602,124,271806.43,Approved,23-07-2023
603,174,264912.56,Approved,04-09-2024
604,133,134264.4,Pending,08-05-2022
605,424,93263.48,Rejected,20-07-2024
606,252,425871.28,Pending,02-03-2026
607,72,402420.68,Pending,07-02-2024
608,358,319943.45,Pending,17-07-2025
609,320,223962.08,Rejected,09-04-2025
610,370,318757.97,Approved,22-07-2024
611,378,381269.1,Rejected,24-04-2025
612,85,342262.77,Closed,11-09-2024
613,16,21387.53,Approved,18-07-2022
614,400,18524.29,Approved,03-01-2025
615,442,405750.75,Approved,12-08-2024
616,43,164635.82,Approved,29-10-2023
617,43,345538.42,Rejected,21-09-2022
618,488,403659.77,Rejected,16-06-2024
619,402,447675.68,Closed,15-02-2025
620,30,394795.56,Approved,02-10-2024
621,369,79138.75,Closed,16-06-2023
622,161,192627.3,Approved,06-08-2023
623,407,457558.21,Closed,22-01-2023
624,386,149608.28,Pending,09-09-2023
625,44,275158.74,Pending,12-09-2024
626,308,335731.07,Rejected,20-03-2024
627,148,248113.89,Approved,22-04-2023
628,78,91983.86,Closed,06-01-2026
629,257,312719.21,Approved,13-12-2022
630,161,192825.4,Approved,03-06-2023
631,260,220171.51,Approved,06-01-2025
632,23,301609.77,Approved,19-04-2025
633,339,134336.22,Pending,13-04-2025
634,194,175949.32,Closed,06-11-2024
635,46,183926.04,Closed,30-04-2023
636,272,79229.51,Rejected,10-06-2022
637,289,65856.45,Rejected,03-07-2022
638,77,399861.57,Pending,26-07-2024
639,165,187935.32,Approved,20-01-2024
640,188,158512.55,Pending,27-12-2024
641,402,290528.47,Approved,28-02-2024
642,283,358572.61,Rejected,11-08-2025
643,28,206332.29,Pending,20-02-2025
644,211,303040.75,Rejected,05-04-2023
645,317,180763.15,Approved,01-01-2026
646,396,314077.08,Pending,07-04-2024
647,65,36934.69,Closed,12-11-2025
648,411,28258.37,Approved,10-02-2024
649,444,198879.9,Approved,24-09-2022
650,456,280117.75,Approved,16-08-2022
651,134,314661.31,Closed,26-06-2022
652,493,429188.15,Pending,16-06-2023
653,281,474480.38,Rejected,26-03-2025
654,451,465795.39,Pending,26-02-2026
655,194,360499.79,Pending,23-05-2022
656,271,325632.57,Rejected,20-05-2024
657,138,124902.46,Approved,14-01-2025
658,73,349839.05,Closed,22-08-2025
659,372,89581.21,Closed,02-06-2025
660,209,152305.43,Approved,22-07-2023
661,125,440325.83,Pending,08-02-2026
662,189,362513.49,Rejected,08-08-2022
663,110,56525.98,Closed,28-06-2023
664,43,233672.82,Approved,04-11-2022
665,421,198141.13,Rejected,29-04-2026
666,81,180564.66,Closed,02-02-2026
667,388,148852.89,Approved,29-07-2023
668,96,204623.2,Pending,21-04-2023
669,370,339496.7,Closed,28-01-2023
670,279,343175.78,Closed,28-08-2025
671,99,479813.12,Approved,05-04-2024
672,343,46880.4,Rejected,20-07-2024
673,158,208539.85,Closed,27-07-2024
674,442,148847.38,Approved,20-03-2026
675,396,116803.87,Approved,02-01-2026
676,189,124514.48,Pending,07-04-2026
677,426,491238.47,Closed,05-07-2022
678,372,486375.68,Rejected,09-06-2022
679,313,416717.91,Approved,25-10-2025
680,345,345687.36,Approved,18-12-2023
681,149,344979.59,Approved,08-09-2022
682,437,149231.24,Pending,07-12-2025
683,470,111986.07,Closed,20-07-2022
684,100,415120.16,Closed,30-05-2025
685,301,160961.54,Approved,21-06-2025
686,203,365583.25,Pending,19-01-2025
687,413,55576.95,Approved,07-06-2022
688,365,301928.32,Rejected,14-07-2022
689,370,439905.28,Approved,26-11-2023
690,279,28923.52,Pending,06-06-2022
691,124,298692.26,Pending,23-09-2022
692,253,112307.22,Rejected,24-11-2025
693,330,164894.98,Pending,19-01-2024
694,21,441779.47,Approved,23-11-2024
695,371,43036.11,Approved,19-05-2025
696,471,376271.01,Rejected,24-09-2024
697,389,481041.98,Rejected,19-03-2023
698,49,233548,Rejected,18-09-2025
699,399,278512.16,Approved,19-12-2023
700,6,456197.9,Pending,04-11-2022
701,421,18151.78,Approved,06-11-2025
702,301,57839.17,Rejected,22-03-2026
703,58,277121.52,Approved,17-10-2025
704,126,345756.36,Closed,13-10-2024
705,242,320232.55,Rejected,27-05-2025
706,136,365984.27,Approved,10-03-2025
707,492,363764.93,Rejected,15-07-2023
708,470,6521.68,Pending,10-04-2024
709,201,187112.9,Closed,12-09-2025
710,69,443512.55,Approved,27-03-2025
711,160,303827.25,Approved,10-06-2024
712,446,265350.9,Closed,18-06-2022
713,56,271918.52,Pending,27-07-2023
714,119,201516.06,Rejected,21-06-2023
715,176,419842.29,Pending,04-06-2025
716,388,498481.78,Pending,24-05-2023
717,88,408398.48,Pending,16-11-2025
718,483,111714.87,Pending,30-11-2024
719,38,123870.48,Closed,23-02-2023
720,172,172158.87,Approved,11-08-2022
721,48,131297.93,Approved,26-02-2024
722,357,374277.76,Closed,25-07-2024
723,67,262241.72,Rejected,28-10-2023
724,482,374836.93,Closed,31-03-2023
725,323,15520.83,Closed,21-10-2024
726,122,248725.89,Rejected,25-12-2024
727,220,220508.77,Approved,08-06-2023
728,266,348374.73,Approved,22-12-2022
729,383,68749.29,Approved,10-03-2026
730,481,25868.47,Pending,31-10-2022
731,448,495177.84,Pending,27-02-2023
732,185,198341.92,Approved,30-09-2024
733,419,436261.42,Approved,26-04-2025
734,198,81225.95,Rejected,15-09-2024
735,38,163587.22,Pending,25-02-2024
736,52,476629.41,Pending,20-10-2022
737,131,449259.34,Closed,31-12-2024
738,27,409611.85,Pending,05-09-2022
739,224,288160.54,Rejected,10-09-2022
740,321,424478.7,Rejected,26-05-2022
741,391,282878.58,Pending,23-04-2026
742,319,109375.01,Closed,20-12-2023
743,149,376083.36,Approved,01-12-2025
744,60,124839.56,Approved,07-09-2022
745,407,266265.89,Rejected,02-06-2023
746,400,101064.25,Closed,18-02-2024
747,122,241059.01,Pending,10-04-2023
748,209,27829.69,Pending,09-06-2024
749,331,190279.79,Approved,04-06-2023
750,28,55725,Closed,29-11-2025
751,232,347098.35,Approved,06-07-2024
752,311,412017.15,Closed,14-12-2022
753,290,292517.59,Approved,17-09-2023
754,412,148228.05,Pending,09-05-2025
755,479,12807.78,Rejected,02-06-2023
756,131,293535.06,Pending,29-08-2022
757,207,379328.26,Rejected,14-01-2026
758,393,314119.53,Rejected,20-12-2022
759,446,391356.75,Closed,28-11-2025
760,426,278585.79,Rejected,29-12-2022
761,46,445129.93,Closed,27-07-2022
762,75,269955.98,Closed,03-11-2023
763,297,195128.93,Pending,18-10-2024
764,76,168525.14,Approved,02-12-2024
765,151,15530.32,Closed,04-10-2025
766,292,311297.89,Pending,01-11-2025
767,489,91686.21,Pending,13-09-2023
768,56,96552.53,Pending,15-06-2022
769,151,391361.42,Rejected,16-05-2025
770,207,284137.99,Approved,13-12-2022
771,209,312997.85,Approved,17-06-2023
772,286,239123.89,Rejected,24-12-2025
773,328,63269.75,Rejected,19-04-2024
774,498,446345.71,Rejected,20-04-2026
775,90,375891.9,Closed,13-05-2023
776,288,471800.6,Pending,16-04-2024
777,267,305331.88,Closed,25-09-2024
778,344,332958.95,Closed,10-12-2022
779,333,125761.09,Pending,16-04-2025
780,337,449047.55,Approved,18-08-2025
781,429,410292.63,Closed,29-05-2023
782,424,6520.76,Closed,17-01-2026
783,492,206698.73,Approved,04-04-2024
784,73,451613.01,Rejected,05-10-2022
785,175,19820.25,Pending,22-02-2026
786,208,297303.51,Closed,30-04-2025
787,279,339894.32,Rejected,04-02-2024
788,339,136689.08,Rejected,08-10-2023
789,294,192256.57,Rejected,18-02-2023
790,323,41038.06,Pending,14-01-2025
791,8,283088.06,Rejected,28-08-2024
792,51,337645.75,Pending,29-04-2025
793,393,99191.87,Closed,15-02-2025
794,293,171741.98,Approved,21-01-2024
795,129,422437.38,Closed,20-09-2023
796,205,273026.7,Pending,16-12-2024
797,301,399160.36,Closed,11-05-2022
798,436,256970.47,Approved,10-01-2026
799,438,19579.78,Pending,31-01-2026
800,245,377404.76,Approved,03-03-2025
801,4,335519.59,Rejected,04-03-2026
802,308,198383.13,Rejected,01-10-2022
803,33,499229.53,Approved,24-08-2025
804,427,489927.02,Rejected,09-08-2023
805,258,105019.04,Approved,23-11-2024
806,343,100699.78,Closed,08-10-2024
807,422,484898.82,Approved,12-12-2022
808,25,472945.04,Rejected,02-12-2023
809,271,32713.19,Closed,06-02-2025
810,42,150052.12,Approved,28-04-2026
811,440,370176.52,Approved,13-07-2023
812,233,206856.57,Pending,17-12-2022
813,442,316620.93,Pending,05-07-2024
814,447,293318.91,Rejected,14-07-2024
815,329,208511.81,Pending,15-07-2025
816,26,366338.31,Pending,14-06-2022
817,327,143501.11,Approved,08-07-2025
818,459,250158.05,Rejected,13-06-2023
819,307,144342.97,Pending,05-06-2022
820,30,358586.11,Rejected,03-08-2022
821,454,74166.6,Rejected,11-03-2025
822,391,432193.07,Pending,30-01-2024
823,306,72910.59,Approved,14-01-2024
824,285,400340.16,Rejected,24-03-2023
825,372,314567.89,Rejected,16-01-2024
826,473,195314.22,Approved,21-10-2022
827,83,284883.58,Approved,21-08-2023
828,394,389981.24,Approved,04-03-2024
829,204,468604.37,Closed,04-07-2022
830,35,485297,Pending,10-04-2025
831,104,229663.89,Approved,18-07-2024
832,480,70669.51,Closed,18-11-2024
833,184,358884.86,Pending,26-08-2022
834,104,175646.85,Rejected,12-03-2025
835,56,236260.43,Approved,03-06-2025
836,238,10267.48,Pending,03-09-2022
837,348,55320,Pending,08-04-2024
838,1,193015.63,Pending,16-07-2022
839,385,213840.28,Closed,02-06-2025
840,68,236525.22,Closed,03-11-2023
841,193,65025.79,Pending,07-07-2025
842,230,41796.34,Closed,15-10-2025
843,158,135976.34,Approved,07-04-2024
844,372,480812.73,Closed,29-05-2022
845,25,74721.31,Rejected,20-09-2025
846,151,257582.97,Approved,20-07-2025
847,221,141318.93,Approved,26-01-2024
848,122,228610.63,Closed,13-07-2025
849,426,55299.64,Rejected,30-04-2025
850,274,58599.9,Pending,02-08-2022
851,464,234286.52,Rejected,26-01-2025
852,342,259128.44,Pending,10-10-2022
853,39,11936.69,Pending,08-10-2022
854,328,50672.93,Rejected,28-01-2025
855,458,411214.26,Pending,13-03-2023
856,53,315991.49,Closed,26-04-2026
857,266,465639.84,Rejected,18-01-2025
858,88,288397.3,Closed,19-02-2024
859,377,415724.97,Rejected,06-03-2023
860,120,380149.84,Pending,01-08-2025
861,448,412159.34,Pending,12-09-2025
862,449,61917.81,Pending,05-11-2022
863,279,342358.21,Closed,16-01-2023
864,210,19432.69,Pending,08-05-2022
865,294,376384.26,Approved,29-07-2022
866,253,393875.8,Rejected,08-09-2022
867,207,341968.93,Approved,14-01-2024
868,233,241769.02,Approved,09-11-2022
869,207,431147.5,Rejected,17-01-2024
870,121,450654.7,Pending,01-10-2022
871,441,397239.99,Closed,07-01-2026
872,392,6114.47,Pending,18-06-2023
873,44,331160.72,Pending,27-11-2022
874,93,115834.57,Closed,19-08-2025
875,168,338572.1,Approved,02-09-2023
876,202,340979.83,Closed,22-02-2026
877,8,389756.86,Rejected,26-03-2026
878,480,56925.95,Closed,29-04-2026
879,208,286868.74,Approved,27-11-2024
880,268,327394.34,Pending,04-06-2023
881,38,490942.51,Pending,02-09-2023
882,168,286094.18,Rejected,27-07-2025
883,387,299114.73,Approved,22-03-2024
884,286,297363.19,Closed,23-11-2022
885,121,217830.73,Closed,30-09-2023
886,402,275629.43,Approved,09-08-2025
887,488,83376.8,Approved,27-07-2024
888,436,168786.41,Approved,15-03-2023
889,488,304557.43,Pending,20-07-2022
890,340,421673.12,Rejected,21-03-2025
891,500,360998.53,Closed,10-08-2025
892,260,484687.48,Pending,15-08-2023
893,153,441833.13,Closed,05-08-2022
894,434,369035.23,Approved,13-10-2024
895,332,46586.99,Closed,19-08-2025
896,232,314902.59,Rejected,03-09-2023
897,493,406078.4,Approved,13-05-2025
898,356,329142.27,Approved,30-06-2025
899,183,462206.44,Pending,18-09-2024
900,459,274264.61,Rejected,18-07-2025
901,200,241412.71,Pending,23-08-2022
902,14,467282.66,Rejected,03-12-2025
903,141,193321.91,Approved,24-09-2022
904,494,308941.99,Rejected,18-06-2024
905,254,307163.8,Rejected,29-06-2022
906,197,273278.51,Rejected,24-07-2022
907,259,251126.91,Pending,06-08-2023
908,429,417873.61,Closed,12-02-2025
909,265,290518.12,Rejected,13-02-2025
910,384,23899.06,Closed,30-12-2023
911,349,264571.45,Rejected,21-05-2024
912,330,97187.41,Pending,28-12-2022
913,189,30676.65,Closed,10-11-2023
914,453,19799.39,Closed,14-12-2023
915,387,497264.15,Rejected,19-05-2024
916,373,311671.88,Rejected,20-07-2024
917,292,23966.32,Approved,04-06-2025
918,86,143400.56,Pending,24-03-2024
919,399,374504.03,Closed,16-12-2023
920,138,129346.84,Rejected,12-10-2025
921,236,298829.48,Pending,02-07-2023
922,72,179744.86,Closed,24-04-2026
923,96,320959.1,Pending,16-02-2024
924,350,268688.04,Closed,20-03-2023
925,405,198735.75,Pending,09-07-2025
926,444,470599.59,Approved,19-04-2024
927,175,205426.02,Closed,24-04-2024
928,41,343812.28,Closed,20-04-2025
929,96,268854.93,Closed,04-08-2024
930,370,494743.67,Rejected,27-09-2024
931,92,457407.15,Closed,14-02-2025
932,200,88001.27,Pending,14-12-2023
933,207,473302.04,Pending,21-01-2023
934,445,348825.85,Closed,27-06-2022
935,272,305929.1,Closed,17-09-2022
936,53,115659.06,Approved,13-02-2024
937,287,356754.57,Closed,03-05-2024
938,188,17701.34,Rejected,08-04-2023
939,266,135110.43,Rejected,11-07-2022
940,487,425810.52,Closed,20-10-2025
941,9,306892.51,Rejected,16-12-2024
942,396,341651.02,Closed,04-06-2024
943,115,8763.15,Closed,05-11-2022
944,322,313474.25,Approved,19-06-2023
945,475,417036.57,Rejected,25-03-2024
946,307,244703.3,Approved,21-12-2022
947,102,263163.58,Closed,03-10-2025
948,298,121828.92,Approved,18-04-2023
949,45,420088.6,Pending,08-06-2023
950,202,157252.34,Closed,27-10-2022
951,151,229569.98,Closed,30-06-2025
952,424,167244.24,Approved,06-02-2023
953,111,365821.57,Closed,26-03-2023
954,318,443618.95,Rejected,21-03-2024
955,244,365281.63,Approved,07-03-2023
956,122,400407.85,Rejected,23-02-2023
957,436,162073.52,Approved,25-05-2023
958,492,312281.55,Pending,26-05-2024
959,357,432808.12,Approved,11-03-2026
960,146,475441.46,Approved,10-09-2025
961,19,389285.19,Pending,10-03-2024
962,234,194551.53,Approved,03-09-2024
963,357,297908.73,Rejected,25-10-2024
964,288,34770.45,Pending,15-11-2023
965,388,241616.84,Closed,02-01-2025
966,185,69239.07,Closed,01-04-2024
967,206,85580.81,Pending,21-01-2024
968,479,168792.15,Rejected,25-04-2026
969,214,33892.73,Closed,01-07-2025
970,443,387598.15,Rejected,16-09-2025
971,406,378373.55,Rejected,11-06-2022
972,144,152831.84,Pending,30-09-2025
973,71,248892.37,Closed,18-02-2025
974,262,171956.24,Closed,12-05-2022
975,278,317925.34,Rejected,05-09-2023
976,494,185036.33,Closed,02-04-2023
977,404,357774.69,Closed,13-01-2023
978,92,253505.43,Closed,28-05-2025
979,491,309119.35,Approved,02-07-2023
980,496,46074.05,Rejected,23-09-2023
981,171,17570.89,Approved,05-07-2025
982,452,24504.08,Pending,14-05-2022
983,411,156886.43,Pending,02-06-2023
984,301,325433.33,Pending,01-12-2024
985,38,479438.36,Pending,15-05-2024
986,330,439299.01,Approved,26-07-2024
987,410,166359.45,Closed,08-01-2026
988,36,108130.24,Closed,10-09-2025
989,175,242861.95,Pending,22-10-2025
990,325,318337.54,Pending,24-12-2023
991,350,54682.84,Closed,03-03-2026
992,146,426305.45,Rejected,06-11-2025
993,198,295284.58,Rejected,14-03-2025
994,74,252294.31,Pending,21-09-2025
995,217,227257.16,Rejected,31-08-2024
996,369,474981.47,Rejected,29-07-2025
997,77,374715.56,Pending,30-06-2022
998,188,423751.81,Pending,06-02-2025
999,471,187573,Pending,15-03-2025
1000,487,479552.34,Pending,10-04-2026
